{
  "Delete" : {
    "transaction" : "Delete",
    "sampleCount" : 1562286,
    "errorCount" : 1045280,
    "errorPct" : 66.90708,
    "meanResTime" : 1.5954805970225518,
    "medianResTime" : 3.0,
    "minResTime" : 0.0,
    "maxResTime" : 14.0,
    "pct1ResTime" : 3.0,
    "pct2ResTime" : 4.0,
    "pct3ResTime" : 4.0,
    "throughput" : 26056.77402138199,
    "receivedKBytesPerSec" : 3725.671268836416,
    "sentKBytesPerSec" : 7723.172407673416
  },
  "Register" : {
    "transaction" : "Register",
    "sampleCount" : 1562420,
    "errorCount" : 1045414,
    "errorPct" : 66.90992,
    "meanResTime" : 1.593190051330659,
    "medianResTime" : 3.0,
    "minResTime" : 0.0,
    "maxResTime" : 23.0,
    "pct1ResTime" : 3.0,
    "pct2ResTime" : 4.0,
    "pct3ResTime" : 4.0,
    "throughput" : 26043.80584077877,
    "receivedKBytesPerSec" : 5240.273019475514,
    "sentKBytesPerSec" : 9575.644493484548
  },
  "Total" : {
    "transaction" : "Total",
    "sampleCount" : 4687062,
    "errorCount" : 2613188,
    "errorPct" : 55.75322,
    "meanResTime" : 1.595210389792218,
    "medianResTime" : 3.0,
    "minResTime" : 0.0,
    "maxResTime" : 23.0,
    "pct1ResTime" : 3.0,
    "pct2ResTime" : 3.0,
    "pct3ResTime" : 4.0,
    "throughput" : 78128.11708227763,
    "receivedKBytesPerSec" : 15242.22650259618,
    "sentKBytesPerSec" : 25584.94726380184
  },
  "Login" : {
    "transaction" : "Login",
    "sampleCount" : 1562356,
    "errorCount" : 522494,
    "errorPct" : 33.4427,
    "meanResTime" : 1.596960615890305,
    "medianResTime" : 3.0,
    "minResTime" : 0.0,
    "maxResTime" : 15.0,
    "pct1ResTime" : 3.0,
    "pct2ResTime" : 4.0,
    "pct3ResTime" : 5.0,
    "throughput" : 26057.506921511726,
    "receivedKBytesPerSec" : 6282.016096163147,
    "sentKBytesPerSec" : 8295.337465392442
  }
}