{
  "Delete" : {
    "transaction" : "Delete",
    "sampleCount" : 5331,
    "errorCount" : 5331,
    "errorPct" : 100.0,
    "meanResTime" : 475.8279872444193,
    "medianResTime" : 3.0,
    "minResTime" : 0.0,
    "maxResTime" : 25918.0,
    "pct1ResTime" : 22.0,
    "pct2ResTime" : 29.0,
    "pct3ResTime" : 19520.68,
    "throughput" : 78.8784493600651,
    "receivedKBytesPerSec" : 27.901699017903383,
    "sentKBytesPerSec" : 15.975397878597324
  },
  "Register" : {
    "transaction" : "Register",
    "sampleCount" : 5465,
    "errorCount" : 58,
    "errorPct" : 1.0612992,
    "meanResTime" : 573.6437328453796,
    "medianResTime" : 4.0,
    "minResTime" : 0.0,
    "maxResTime" : 25938.0,
    "pct1ResTime" : 22.0,
    "pct2ResTime" : 225.79999999999927,
    "pct3ResTime" : 25906.34,
    "throughput" : 80.69279154239139,
    "receivedKBytesPerSec" : 35.997963069943594,
    "sentKBytesPerSec" : 21.983600509774682
  },
  "Total" : {
    "transaction" : "Total",
    "sampleCount" : 16187,
    "errorCount" : 10780,
    "errorPct" : 66.59665,
    "meanResTime" : 512.1255328349912,
    "medianResTime" : 4.0,
    "minResTime" : 0.0,
    "maxResTime" : 25938.0,
    "pct1ResTime" : 22.0,
    "pct2ResTime" : 37.0,
    "pct3ResTime" : 19524.12,
    "throughput" : 239.0071759737767,
    "receivedKBytesPerSec" : 91.40380448424534,
    "sentKBytesPerSec" : 68.31284387181437
  },
  "Login" : {
    "transaction" : "Login",
    "sampleCount" : 5391,
    "errorCount" : 5391,
    "errorPct" : 100.0,
    "meanResTime" : 485.65646447783286,
    "medianResTime" : 4.0,
    "minResTime" : 0.0,
    "maxResTime" : 25920.0,
    "pct1ResTime" : 22.0,
    "pct2ResTime" : 42.0,
    "pct3ResTime" : 19520.08,
    "throughput" : 79.85601919744035,
    "receivedKBytesPerSec" : 27.65082711194063,
    "sentKBytesPerSec" : 30.484780848664624
  }
}