{
  "Delete" : {
    "transaction" : "Delete",
    "sampleCount" : 872372,
    "errorCount" : 836418,
    "errorPct" : 95.87859,
    "meanResTime" : 2.750820750780655,
    "medianResTime" : 4.0,
    "minResTime" : 0.0,
    "maxResTime" : 21.0,
    "pct1ResTime" : 6.0,
    "pct2ResTime" : 6.0,
    "pct3ResTime" : 9.0,
    "throughput" : 14552.387942682702,
    "receivedKBytesPerSec" : 2563.0814706636693,
    "sentKBytesPerSec" : 4224.8745180638725
  },
  "Register" : {
    "transaction" : "Register",
    "sampleCount" : 872504,
    "errorCount" : 624277,
    "errorPct" : 71.55004,
    "meanResTime" : 2.5491252762165026,
    "medianResTime" : 4.0,
    "minResTime" : 0.0,
    "maxResTime" : 32.0,
    "pct1ResTime" : 6.0,
    "pct2ResTime" : 7.0,
    "pct3ResTime" : 8.0,
    "throughput" : 14543.914920571418,
    "receivedKBytesPerSec" : 2790.186952522045,
    "sentKBytesPerSec" : 5258.9351293319
  },
  "Total" : {
    "transaction" : "Total",
    "sampleCount" : 2617319,
    "errorCount" : 1663328,
    "errorPct" : 63.55083,
    "meanResTime" : 2.8433259377247038,
    "medianResTime" : 5.0,
    "minResTime" : 0.0,
    "maxResTime" : 32.0,
    "pct1ResTime" : 7.0,
    "pct2ResTime" : 7.0,
    "pct3ResTime" : 9.0,
    "throughput" : 43628.527612475205,
    "receivedKBytesPerSec" : 8814.48763538489,
    "sentKBytesPerSec" : 13907.73619298103
  },
  "Login" : {
    "transaction" : "Login",
    "sampleCount" : 872443,
    "errorCount" : 202633,
    "errorPct" : 23.22593,
    "meanResTime" : 3.230044828143485,
    "medianResTime" : 5.0,
    "minResTime" : 0.0,
    "maxResTime" : 21.0,
    "pct1ResTime" : 7.0,
    "pct2ResTime" : 7.0,
    "pct3ResTime" : 9.0,
    "throughput" : 14553.329552278643,
    "receivedKBytesPerSec" : 3465.583127773237,
    "sentKBytesPerSec" : 4430.200705194502
  }
}