{
  "Delete" : {
    "transaction" : "Delete",
    "sampleCount" : 300760,
    "errorCount" : 300760,
    "errorPct" : 100.0,
    "meanResTime" : 8.35523673360817,
    "medianResTime" : 13.0,
    "minResTime" : 0.0,
    "maxResTime" : 52.0,
    "pct1ResTime" : 16.0,
    "pct2ResTime" : 17.0,
    "pct3ResTime" : 22.0,
    "throughput" : 5019.52668647151,
    "receivedKBytesPerSec" : 499.99191603524815,
    "sentKBytesPerSec" : 1024.493239719283
  },
  "Register" : {
    "transaction" : "Register",
    "sampleCount" : 300888,
    "errorCount" : 0,
    "errorPct" : 0.0,
    "meanResTime" : 8.255749647709342,
    "medianResTime" : 12.0,
    "minResTime" : 0.0,
    "maxResTime" : 67.0,
    "pct1ResTime" : 15.0,
    "pct2ResTime" : 17.0,
    "pct3ResTime" : 22.0,
    "throughput" : 5015.468729163888,
    "receivedKBytesPerSec" : 450.60851863581814,
    "sentKBytesPerSec" : 1381.20981234998
  },
  "Total" : {
    "transaction" : "Total",
    "sampleCount" : 902467,
    "errorCount" : 300760,
    "errorPct" : 33.326427,
    "meanResTime" : 8.299870244563223,
    "medianResTime" : 12.0,
    "minResTime" : 0.0,
    "maxResTime" : 67.0,
    "pct1ResTime" : 16.0,
    "pct2ResTime" : 17.0,
    "pct3ResTime" : 22.0,
    "throughput" : 15043.122416322178,
    "receivedKBytesPerSec" : 1400.488880288205,
    "sentKBytesPerSec" : 3770.645282001142
  },
  "Login" : {
    "transaction" : "Login",
    "sampleCount" : 300819,
    "errorCount" : 0,
    "errorPct" : 0.0,
    "meanResTime" : 8.288645331578001,
    "medianResTime" : 12.0,
    "minResTime" : 0.0,
    "maxResTime" : 52.0,
    "pct1ResTime" : 15.0,
    "pct2ResTime" : 17.0,
    "pct3ResTime" : 22.0,
    "throughput" : 5020.176229097827,
    "receivedKBytesPerSec" : 451.0314580830079,
    "sentKBytesPerSec" : 1367.8019217952087
  }
}