{
  "Delete" : {
    "transaction" : "Delete",
    "sampleCount" : 2974020,
    "errorCount" : 1900091,
    "errorPct" : 63.889652,
    "meanResTime" : 0.7912135762368949,
    "medianResTime" : 1.0,
    "minResTime" : 0.0,
    "maxResTime" : 71.0,
    "pct1ResTime" : 2.0,
    "pct2ResTime" : 2.0,
    "pct3ResTime" : 3.0,
    "throughput" : 49595.93095972651,
    "receivedKBytesPerSec" : 8038.459804677728,
    "sentKBytesPerSec" : 14916.134998019677
  },
  "Register" : {
    "transaction" : "Register",
    "sampleCount" : 2974161,
    "errorCount" : 1900231,
    "errorPct" : 63.89133,
    "meanResTime" : 0.8053908312293168,
    "medianResTime" : 1.0,
    "minResTime" : 0.0,
    "maxResTime" : 71.0,
    "pct1ResTime" : 2.0,
    "pct2ResTime" : 2.0,
    "pct3ResTime" : 2.0,
    "throughput" : 49571.82859142957,
    "receivedKBytesPerSec" : 10663.47700523047,
    "sentKBytesPerSec" : 18442.488563230247
  },
  "Total" : {
    "transaction" : "Total",
    "sampleCount" : 8922274,
    "errorCount" : 4934726,
    "errorPct" : 55.30794,
    "meanResTime" : 0.8029603215503316,
    "medianResTime" : 1.0,
    "minResTime" : 0.0,
    "maxResTime" : 71.0,
    "pct1ResTime" : 2.0,
    "pct2ResTime" : 2.0,
    "pct3ResTime" : 3.0,
    "throughput" : 148712.00226678,
    "receivedKBytesPerSec" : 31149.31299950414,
    "sentKBytesPerSec" : 49653.52383830129
  },
  "Login" : {
    "transaction" : "Login",
    "sampleCount" : 2974093,
    "errorCount" : 1134404,
    "errorPct" : 38.142857,
    "meanResTime" : 0.8122762132858532,
    "medianResTime" : 1.0,
    "minResTime" : 0.0,
    "maxResTime" : 71.0,
    "pct1ResTime" : 2.0,
    "pct2ResTime" : 2.0,
    "pct3ResTime" : 3.0,
    "throughput" : 49596.3212487076,
    "receivedKBytesPerSec" : 12458.100589683112,
    "sentKBytesPerSec" : 16311.28386489323
  }
}