{
  "Delete" : {
    "transaction" : "Delete",
    "sampleCount" : 16678,
    "errorCount" : 16677,
    "errorPct" : 99.994,
    "meanResTime" : 233.9321861134431,
    "medianResTime" : 3.0,
    "minResTime" : 0.0,
    "maxResTime" : 26551.0,
    "pct1ResTime" : 19.0,
    "pct2ResTime" : 20.0,
    "pct3ResTime" : 6718.0,
    "throughput" : 243.11598956283436,
    "receivedKBytesPerSec" : 491.5771573346234,
    "sentKBytesPerSec" : 0.0029751980656258655
  },
  "Register" : {
    "transaction" : "Register",
    "sampleCount" : 16785,
    "errorCount" : 96,
    "errorPct" : 0.57193923,
    "meanResTime" : 264.3576407506709,
    "medianResTime" : 4.0,
    "minResTime" : 0.0,
    "maxResTime" : 26390.0,
    "pct1ResTime" : 20.0,
    "pct2ResTime" : 21.0,
    "pct3ResTime" : 6727.139999999999,
    "throughput" : 244.31958777892606,
    "receivedKBytesPerSec" : 42.18692856999898,
    "sentKBytesPerSec" : 66.89595982500255
  },
  "Total" : {
    "transaction" : "Total",
    "sampleCount" : 50142,
    "errorCount" : 33431,
    "errorPct" : 66.67265,
    "meanResTime" : 167.10248893143432,
    "medianResTime" : 15.0,
    "minResTime" : 0.0,
    "maxResTime" : 26551.0,
    "pct1ResTime" : 20.0,
    "pct2ResTime" : 21.0,
    "pct3ResTime" : 19514.99,
    "throughput" : 729.8583717849813,
    "receivedKBytesPerSec" : 1065.2055646933816,
    "sentKBytesPerSec" : 66.98221448286779
  },
  "Login" : {
    "transaction" : "Login",
    "sampleCount" : 16679,
    "errorCount" : 16658,
    "errorPct" : 99.87409,
    "meanResTime" : 2.4035613645902014,
    "medianResTime" : 0.0,
    "minResTime" : 0.0,
    "maxResTime" : 26161.0,
    "pct1ResTime" : 0.0,
    "pct2ResTime" : 0.0,
    "pct3ResTime" : 1.0,
    "throughput" : 265.546887438306,
    "receivedKBytesPerSec" : 582.0684405349466,
    "sentKBytesPerSec" : 0.09109504358382423
  }
}