{
  "Delete" : {
    "transaction" : "Delete",
    "sampleCount" : 1879749,
    "errorCount" : 1266605,
    "errorPct" : 67.3816,
    "meanResTime" : 1.32177115136117,
    "medianResTime" : 2.0,
    "minResTime" : 0.0,
    "maxResTime" : 8.0,
    "pct1ResTime" : 3.0,
    "pct2ResTime" : 3.0,
    "pct3ResTime" : 4.0,
    "throughput" : 31387.74044883783,
    "receivedKBytesPerSec" : 4512.2568964671555,
    "sentKBytesPerSec" : 8560.352958334724
  },
  "Register" : {
    "transaction" : "Register",
    "sampleCount" : 1879883,
    "errorCount" : 1210594,
    "errorPct" : 64.39731,
    "meanResTime" : 1.3218514130932502,
    "medianResTime" : 2.0,
    "minResTime" : 0.0,
    "maxResTime" : 91.0,
    "pct1ResTime" : 3.0,
    "pct2ResTime" : 3.0,
    "pct3ResTime" : 4.0,
    "throughput" : 31335.039087893587,
    "receivedKBytesPerSec" : 5616.27372151751,
    "sentKBytesPerSec" : 10779.607002327355
  },
  "Total" : {
    "transaction" : "Total",
    "sampleCount" : 5639451,
    "errorCount" : 3208292,
    "errorPct" : 56.89015,
    "meanResTime" : 1.3222888185392734,
    "medianResTime" : 2.0,
    "minResTime" : 0.0,
    "maxResTime" : 91.0,
    "pct1ResTime" : 2.0,
    "pct2ResTime" : 3.0,
    "pct3ResTime" : 4.0,
    "throughput" : 94001.81687863583,
    "receivedKBytesPerSec" : 16505.664397825578,
    "sentKBytesPerSec" : 29115.104249141565
  },
  "Login" : {
    "transaction" : "Login",
    "sampleCount" : 1879819,
    "errorCount" : 731093,
    "errorPct" : 38.89167,
    "meanResTime" : 1.3232438867784635,
    "medianResTime" : 2.0,
    "minResTime" : 0.0,
    "maxResTime" : 8.0,
    "pct1ResTime" : 3.0,
    "pct2ResTime" : 3.0,
    "pct3ResTime" : 4.0,
    "throughput" : 31387.861078644182,
    "receivedKBytesPerSec" : 6396.01225293246,
    "sentKBytesPerSec" : 9806.963906484805
  }
}