{
  "Delete" : {
    "transaction" : "Delete",
    "sampleCount" : 558698,
    "errorCount" : 271046,
    "errorPct" : 48.513866,
    "meanResTime" : 2.827096212980895,
    "medianResTime" : 1.0,
    "minResTime" : 0.0,
    "maxResTime" : 166.0,
    "pct1ResTime" : 9.0,
    "pct2ResTime" : 21.0,
    "pct3ResTime" : 47.0,
    "throughput" : 9317.845230153436,
    "receivedKBytesPerSec" : 1269.8672487387425,
    "sentKBytesPerSec" : 2548.3111462329052
  },
  "Register" : {
    "transaction" : "Register",
    "sampleCount" : 558844,
    "errorCount" : 256207,
    "errorPct" : 45.84589,
    "meanResTime" : 5.639847614003289,
    "medianResTime" : 2.0,
    "minResTime" : 0.0,
    "maxResTime" : 176.0,
    "pct1ResTime" : 21.0,
    "pct2ResTime" : 36.0,
    "pct3ResTime" : 59.0,
    "throughput" : 9314.998166483316,
    "receivedKBytesPerSec" : 1675.4725765545304,
    "sentKBytesPerSec" : 3211.3662212575423
  },
  "Total" : {
    "transaction" : "Total",
    "sampleCount" : 1676307,
    "errorCount" : 798335,
    "errorPct" : 47.62463,
    "meanResTime" : 4.47287101944958,
    "medianResTime" : 2.0,
    "minResTime" : 0.0,
    "maxResTime" : 176.0,
    "pct1ResTime" : 15.0,
    "pct2ResTime" : 23.0,
    "pct3ResTime" : 49.0,
    "throughput" : 27941.244124412442,
    "receivedKBytesPerSec" : 4866.183200351285,
    "sentKBytesPerSec" : 8975.55203111457
  },
  "Login" : {
    "transaction" : "Login",
    "sampleCount" : 558765,
    "errorCount" : 271082,
    "errorPct" : 48.514492,
    "meanResTime" : 4.951306900038662,
    "medianResTime" : 2.0,
    "minResTime" : 0.0,
    "maxResTime" : 175.0,
    "pct1ResTime" : 19.0,
    "pct2ResTime" : 35.0,
    "pct3ResTime" : 59.9900000000016,
    "throughput" : 9318.185608271491,
    "receivedKBytesPerSec" : 1922.492336024139,
    "sentKBytesPerSec" : 3218.8747961050194
  }
}