{
  "Delete" : {
    "transaction" : "Delete",
    "sampleCount" : 10998,
    "errorCount" : 8661,
    "errorPct" : 78.75068,
    "meanResTime" : 204.5805601018368,
    "medianResTime" : 2.0,
    "minResTime" : 0.0,
    "maxResTime" : 25917.0,
    "pct1ResTime" : 6.0,
    "pct2ResTime" : 104.0,
    "pct3ResTime" : 6717.0,
    "throughput" : 159.71304511987918,
    "receivedKBytesPerSec" : 147.87994848771436,
    "sentKBytesPerSec" : 30.047098389327775
  },
  "Register" : {
    "transaction" : "Register",
    "sampleCount" : 11141,
    "errorCount" : 8803,
    "errorPct" : 79.01445,
    "meanResTime" : 311.1765550668703,
    "medianResTime" : 2.0,
    "minResTime" : 0.0,
    "maxResTime" : 27003.0,
    "pct1ResTime" : 7.0,
    "pct2ResTime" : 104.0,
    "pct3ResTime" : 13115.0,
    "throughput" : 161.6347730207321,
    "receivedKBytesPerSec" : 151.53115456388642,
    "sentKBytesPerSec" : 38.161850014326745
  },
  "Total" : {
    "transaction" : "Total",
    "sampleCount" : 33206,
    "errorCount" : 23164,
    "errorPct" : 69.75848,
    "meanResTime" : 256.0296331988196,
    "medianResTime" : 3.0,
    "minResTime" : 0.0,
    "maxResTime" : 27238.0,
    "pct1ResTime" : 103.0,
    "pct2ResTime" : 107.0,
    "pct3ResTime" : 19519.0,
    "throughput" : 481.7490714948932,
    "receivedKBytesPerSec" : 455.1613753663243,
    "sentKBytesPerSec" : 101.44985131677258
  },
  "Login" : {
    "transaction" : "Login",
    "sampleCount" : 11067,
    "errorCount" : 5700,
    "errorPct" : 51.504475,
    "meanResTime" : 251.64226981115004,
    "medianResTime" : 2.0,
    "minResTime" : 0.0,
    "maxResTime" : 27238.0,
    "pct1ResTime" : 7.0,
    "pct2ResTime" : 104.0,
    "pct3ResTime" : 6908.919999999867,
    "throughput" : 160.6310869849195,
    "receivedKBytesPerSec" : 155.96635931626196,
    "sentKBytesPerSec" : 33.28563324146915
  }
}