{
  "Delete" : {
    "transaction" : "Delete",
    "sampleCount" : 680547,
    "errorCount" : 461119,
    "errorPct" : 67.75711,
    "meanResTime" : 3.675533063844168,
    "medianResTime" : 6.0,
    "minResTime" : 0.0,
    "maxResTime" : 12.0,
    "pct1ResTime" : 6.0,
    "pct2ResTime" : 7.0,
    "pct3ResTime" : 8.0,
    "throughput" : 11356.456296098522,
    "receivedKBytesPerSec" : 2581.089577536253,
    "sentKBytesPerSec" : 3340.71831495824
  },
  "Register" : {
    "transaction" : "Register",
    "sampleCount" : 680673,
    "errorCount" : 461244,
    "errorPct" : 67.76293,
    "meanResTime" : 3.677046099962806,
    "medianResTime" : 6.0,
    "minResTime" : 0.0,
    "maxResTime" : 53.0,
    "pct1ResTime" : 6.0,
    "pct2ResTime" : 7.0,
    "pct3ResTime" : 8.0,
    "throughput" : 11346.251937790668,
    "receivedKBytesPerSec" : 3113.2104385970397,
    "sentKBytesPerSec" : 4146.259699371572
  },
  "Total" : {
    "transaction" : "Total",
    "sampleCount" : 2041835,
    "errorCount" : 1148106,
    "errorPct" : 56.229126,
    "meanResTime" : 3.6761040926421726,
    "medianResTime" : 6.0,
    "minResTime" : 0.0,
    "maxResTime" : 53.0,
    "pct1ResTime" : 7.0,
    "pct2ResTime" : 7.0,
    "pct3ResTime" : 8.0,
    "throughput" : 34035.68868663633,
    "receivedKBytesPerSec" : 9405.686308675467,
    "sentKBytesPerSec" : 11067.381266044073
  },
  "Login" : {
    "transaction" : "Login",
    "sampleCount" : 680615,
    "errorCount" : 225743,
    "errorPct" : 33.167503,
    "meanResTime" : 3.6757329767930194,
    "medianResTime" : 6.0,
    "minResTime" : 0.0,
    "maxResTime" : 12.0,
    "pct1ResTime" : 6.0,
    "pct2ResTime" : 7.0,
    "pct3ResTime" : 8.0,
    "throughput" : 11357.211987718596,
    "receivedKBytesPerSec" : 3718.087469937884,
    "sentKBytesPerSec" : 3587.7906515161944
  }
}