{
  "Delete" : {
    "transaction" : "Delete",
    "sampleCount" : 144185,
    "errorCount" : 144185,
    "errorPct" : 100.0,
    "meanResTime" : 17.35010576689671,
    "medianResTime" : 24.0,
    "minResTime" : 0.0,
    "maxResTime" : 717.0,
    "pct1ResTime" : 43.0,
    "pct2ResTime" : 124.0,
    "pct3ResTime" : 141.0,
    "throughput" : 2401.082431307244,
    "receivedKBytesPerSec" : 4776.098661271857,
    "sentKBytesPerSec" : 96.32370160283098
  },
  "Register" : {
    "transaction" : "Register",
    "sampleCount" : 144321,
    "errorCount" : 144320,
    "errorPct" : 99.999306,
    "meanResTime" : 17.27394488674576,
    "medianResTime" : 24.0,
    "minResTime" : 0.0,
    "maxResTime" : 428.0,
    "pct1ResTime" : 42.0,
    "pct2ResTime" : 124.0,
    "pct3ResTime" : 137.9900000000016,
    "throughput" : 2401.987217894947,
    "receivedKBytesPerSec" : 4777.752390143382,
    "sentKBytesPerSec" : 180.88930055214365
  },
  "Total" : {
    "transaction" : "Total",
    "sampleCount" : 432765,
    "errorCount" : 404446,
    "errorPct" : 93.45626,
    "meanResTime" : 17.36306078356583,
    "medianResTime" : 24.0,
    "minResTime" : 0.0,
    "maxResTime" : 717.0,
    "pct1ResTime" : 43.0,
    "pct2ResTime" : 123.0,
    "pct3ResTime" : 140.0,
    "throughput" : 7202.6662672258835,
    "receivedKBytesPerSec" : 14391.37718587207,
    "sentKBytesPerSec" : 405.57119771902666
  },
  "Login" : {
    "transaction" : "Login",
    "sampleCount" : 144259,
    "errorCount" : 115941,
    "errorPct" : 80.370026,
    "meanResTime" : 17.465163352026256,
    "medianResTime" : 24.0,
    "minResTime" : 0.0,
    "maxResTime" : 509.0,
    "pct1ResTime" : 43.0,
    "pct2ResTime" : 124.0,
    "pct3ResTime" : 137.9900000000016,
    "throughput" : 2402.1547274119957,
    "receivedKBytesPerSec" : 4842.646744882731,
    "sentKBytesPerSec" : 128.47685130257767
  }
}