{
  "Delete" : {
    "transaction" : "Delete",
    "sampleCount" : 1061335,
    "errorCount" : 658572,
    "errorPct" : 62.051285,
    "meanResTime" : 2.1485647792638862,
    "medianResTime" : 3.0,
    "minResTime" : 0.0,
    "maxResTime" : 16.0,
    "pct1ResTime" : 6.0,
    "pct2ResTime" : 7.0,
    "pct3ResTime" : 9.0,
    "throughput" : 17703.66972477064,
    "receivedKBytesPerSec" : 2484.456040841326,
    "sentKBytesPerSec" : 5038.058717551084
  },
  "Register" : {
    "transaction" : "Register",
    "sampleCount" : 1061477,
    "errorCount" : 658713,
    "errorPct" : 62.056267,
    "meanResTime" : 2.6209818959807385,
    "medianResTime" : 4.0,
    "minResTime" : 0.0,
    "maxResTime" : 19.0,
    "pct1ResTime" : 7.0,
    "pct2ResTime" : 8.0,
    "pct3ResTime" : 10.0,
    "throughput" : 17696.29728423053,
    "receivedKBytesPerSec" : 3344.539351253689,
    "sentKBytesPerSec" : 6297.245222083758
  },
  "Total" : {
    "transaction" : "Total",
    "sampleCount" : 3184217,
    "errorCount" : 1744869,
    "errorPct" : 54.79743,
    "meanResTime" : 2.3522366723121735,
    "medianResTime" : 3.0,
    "minResTime" : 0.0,
    "maxResTime" : 19.0,
    "pct1ResTime" : 7.0,
    "pct2ResTime" : 8.0,
    "pct3ResTime" : 10.0,
    "throughput" : 53085.32417518297,
    "receivedKBytesPerSec" : 9630.366868920153,
    "sentKBytesPerSec" : 17058.58736798343
  },
  "Login" : {
    "transaction" : "Login",
    "sampleCount" : 1061405,
    "errorCount" : 427584,
    "errorPct" : 40.284718,
    "meanResTime" : 2.287131679236489,
    "medianResTime" : 3.0,
    "minResTime" : 0.0,
    "maxResTime" : 17.0,
    "pct1ResTime" : 6.0,
    "pct2ResTime" : 7.0,
    "pct3ResTime" : 9.0,
    "throughput" : 17704.54204266818,
    "receivedKBytesPerSec" : 3804.7680996772365,
    "sentKBytesPerSec" : 5729.111538094652
  }
}