{
  "Delete" : {
    "transaction" : "Delete",
    "sampleCount" : 1821439,
    "errorCount" : 1444381,
    "errorPct" : 79.2989,
    "meanResTime" : 1.3434531708171715,
    "medianResTime" : 2.0,
    "minResTime" : 0.0,
    "maxResTime" : 12.0,
    "pct1ResTime" : 3.0,
    "pct2ResTime" : 3.0,
    "pct3ResTime" : 3.0,
    "throughput" : 30377.568378919277,
    "receivedKBytesPerSec" : 3375.3618786222064,
    "sentKBytesPerSec" : 8405.845531135341
  },
  "Register" : {
    "transaction" : "Register",
    "sampleCount" : 1821573,
    "errorCount" : 1087394,
    "errorPct" : 59.695328,
    "meanResTime" : 1.379383642599014,
    "medianResTime" : 2.0,
    "minResTime" : 0.0,
    "maxResTime" : 18.0,
    "pct1ResTime" : 3.0,
    "pct2ResTime" : 3.0,
    "pct3ResTime" : 3.0,
    "throughput" : 30364.104615692355,
    "receivedKBytesPerSec" : 4397.596227975863,
    "sentKBytesPerSec" : 10566.515657687194
  },
  "Total" : {
    "transaction" : "Total",
    "sampleCount" : 5464510,
    "errorCount" : 3175581,
    "errorPct" : 58.112823,
    "meanResTime" : 1.366075640816828,
    "medianResTime" : 2.0,
    "minResTime" : 0.0,
    "maxResTime" : 18.0,
    "pct1ResTime" : 3.0,
    "pct2ResTime" : 3.0,
    "pct3ResTime" : 3.0,
    "throughput" : 91088.82999116534,
    "receivedKBytesPerSec" : 12932.570924050066,
    "sentKBytesPerSec" : 28615.069994874233
  },
  "Login" : {
    "transaction" : "Login",
    "sampleCount" : 1821498,
    "errorCount" : 643806,
    "errorPct" : 35.344864,
    "meanResTime" : 1.3753888283160187,
    "medianResTime" : 2.0,
    "minResTime" : 0.0,
    "maxResTime" : 11.0,
    "pct1ResTime" : 3.0,
    "pct2ResTime" : 3.0,
    "pct3ResTime" : 3.0,
    "throughput" : 30378.04572972432,
    "receivedKBytesPerSec" : 5163.93937309251,
    "sentKBytesPerSec" : 9651.879141363761
  }
}