{
  "Delete" : {
    "transaction" : "Delete",
    "sampleCount" : 1217226,
    "errorCount" : 818042,
    "errorPct" : 67.20543,
    "meanResTime" : 2.0489687206813536,
    "medianResTime" : 3.0,
    "minResTime" : 0.0,
    "maxResTime" : 10.0,
    "pct1ResTime" : 4.0,
    "pct2ResTime" : 4.0,
    "pct3ResTime" : 5.0,
    "throughput" : 20303.004019815522,
    "receivedKBytesPerSec" : 4213.1268940618065,
    "sentKBytesPerSec" : 5648.223416285465
  },
  "Register" : {
    "transaction" : "Register",
    "sampleCount" : 1217347,
    "errorCount" : 818162,
    "errorPct" : 67.20861,
    "meanResTime" : 2.0515613050347845,
    "medianResTime" : 3.0,
    "minResTime" : 0.0,
    "maxResTime" : 25.0,
    "pct1ResTime" : 4.0,
    "pct2ResTime" : 4.0,
    "pct3ResTime" : 5.0,
    "throughput" : 20291.82224296573,
    "receivedKBytesPerSec" : 4877.801740752934,
    "sentKBytesPerSec" : 7091.451369948285
  },
  "Total" : {
    "transaction" : "Total",
    "sampleCount" : 3651861,
    "errorCount" : 2050376,
    "errorPct" : 56.146057,
    "meanResTime" : 2.051280155515166,
    "medianResTime" : 3.0,
    "minResTime" : 0.0,
    "maxResTime" : 25.0,
    "pct1ResTime" : 4.0,
    "pct2ResTime" : 4.0,
    "pct3ResTime" : 5.0,
    "throughput" : 60872.466328843846,
    "receivedKBytesPerSec" : 14597.178044963288,
    "sentKBytesPerSec" : 19011.6966767444
  },
  "Login" : {
    "transaction" : "Login",
    "sampleCount" : 1217288,
    "errorCount" : 414172,
    "errorPct" : 34.02416,
    "meanResTime" : 2.0533103094747736,
    "medianResTime" : 3.0,
    "minResTime" : 0.0,
    "maxResTime" : 10.0,
    "pct1ResTime" : 4.0,
    "pct2ResTime" : 4.0,
    "pct3ResTime" : 5.0,
    "throughput" : 20303.022216291945,
    "receivedKBytesPerSec" : 5512.296126534458,
    "sentKBytesPerSec" : 6279.461904876075
  }
}