{
  "Delete" : {
    "transaction" : "Delete",
    "sampleCount" : 51518,
    "errorCount" : 51518,
    "errorPct" : 100.0,
    "meanResTime" : 48.67980123451957,
    "medianResTime" : 64.0,
    "minResTime" : 0.0,
    "maxResTime" : 253.0,
    "pct1ResTime" : 145.0,
    "pct2ResTime" : 157.0,
    "pct3ResTime" : 196.9900000000016,
    "throughput" : 859.0628647657161,
    "receivedKBytesPerSec" : 1131.2840176598716,
    "sentKBytesPerSec" : 87.63400254814907
  },
  "Register" : {
    "transaction" : "Register",
    "sampleCount" : 51650,
    "errorCount" : 51649,
    "errorPct" : 99.99806,
    "meanResTime" : 49.169370764763045,
    "medianResTime" : 66.0,
    "minResTime" : 0.0,
    "maxResTime" : 253.0,
    "pct1ResTime" : 145.0,
    "pct2ResTime" : 156.0,
    "pct3ResTime" : 191.0,
    "throughput" : 860.8333333333334,
    "receivedKBytesPerSec" : 1133.27666015625,
    "sentKBytesPerSec" : 166.15222981770833
  },
  "Total" : {
    "transaction" : "Total",
    "sampleCount" : 154751,
    "errorCount" : 129071,
    "errorPct" : 83.4056,
    "meanResTime" : 48.58123049285649,
    "medianResTime" : 66.0,
    "minResTime" : 0.0,
    "maxResTime" : 253.0,
    "pct1ResTime" : 151.0,
    "pct2ResTime" : 163.0,
    "pct3ResTime" : 205.9900000000016,
    "throughput" : 2579.1833333333334,
    "receivedKBytesPerSec" : 3441.740022786458,
    "sentKBytesPerSec" : 370.3511555989583
  },
  "Login" : {
    "transaction" : "Login",
    "sampleCount" : 51583,
    "errorCount" : 25904,
    "errorPct" : 50.218094,
    "meanResTime" : 47.8938797665897,
    "medianResTime" : 64.0,
    "minResTime" : 0.0,
    "maxResTime" : 253.0,
    "pct1ResTime" : 144.0,
    "pct2ResTime" : 156.0,
    "pct3ResTime" : 195.0,
    "throughput" : 860.1180550923765,
    "receivedKBytesPerSec" : 1178.2948579128592,
    "sentKBytesPerSec" : 116.66318305313312
  }
}