{
  "Delete" : {
    "transaction" : "Delete",
    "sampleCount" : 2976117,
    "errorCount" : 1897291,
    "errorPct" : 63.750553,
    "meanResTime" : 0.8132596937553215,
    "medianResTime" : 1.0,
    "minResTime" : 0.0,
    "maxResTime" : 83.0,
    "pct1ResTime" : 2.0,
    "pct2ResTime" : 3.0,
    "pct3ResTime" : 6.0,
    "throughput" : 49640.835321001454,
    "receivedKBytesPerSec" : 7323.404798602655,
    "sentKBytesPerSec" : 14203.738126767008
  },
  "Register" : {
    "transaction" : "Register",
    "sampleCount" : 2976257,
    "errorCount" : 1847752,
    "errorPct" : 62.08308,
    "meanResTime" : 0.8269326204020331,
    "medianResTime" : 1.0,
    "minResTime" : 0.0,
    "maxResTime" : 83.0,
    "pct1ResTime" : 2.0,
    "pct2ResTime" : 3.0,
    "pct3ResTime" : 6.0,
    "throughput" : 49610.07117497041,
    "receivedKBytesPerSec" : 9471.468774221576,
    "sentKBytesPerSec" : 17731.317742278265
  },
  "Total" : {
    "transaction" : "Total",
    "sampleCount" : 8928562,
    "errorCount" : 4909689,
    "errorPct" : 54.988575,
    "meanResTime" : 0.8190538409208111,
    "medianResTime" : 1.0,
    "minResTime" : 0.0,
    "maxResTime" : 83.0,
    "pct1ResTime" : 2.0,
    "pct2ResTime" : 3.0,
    "pct3ResTime" : 6.0,
    "throughput" : 148826.7297851416,
    "receivedKBytesPerSec" : 27614.4613681492,
    "sentKBytesPerSec" : 47977.046361789085
  },
  "Login" : {
    "transaction" : "Login",
    "sampleCount" : 2976188,
    "errorCount" : 1164646,
    "errorPct" : 39.132137,
    "meanResTime" : 0.816968887718105,
    "medianResTime" : 1.0,
    "minResTime" : 0.0,
    "maxResTime" : 83.0,
    "pct1ResTime" : 2.0,
    "pct2ResTime" : 3.0,
    "pct3ResTime" : 6.0,
    "throughput" : 49638.70774054739,
    "receivedKBytesPerSec" : 10830.969975096736,
    "sentKBytesPerSec" : 16061.098539891089
  }
}